ID;Name;Organization;Process;CostCenter
1abfcab1-b7a7-4638-b04d-419faf40068b;GS/HRS2-LA;2;2;ef10bdb5-3f00-440a-983b-9c844fe58a73
5143d411-9a3f-4033-b03c-c4068be9108a;GS/HRS3-LA;2;2;ef10bdb5-3f00-440a-983b-9c844fe58a73
227950fc-0747-4859-a247-241cc8c78180;GS/HRS9-LA;2;2;ecf51298-02a4-4b74-87b5-0da5bdabbc63
4da92bc3-3d93-4396-83dd-e4c1e6d03d17;GS/HRS-LA;2;2;ef10bdb5-3f00-440a-983b-9c844fe58a73
cd6c093b-1082-42f2-8e1b-e08b952cc908;GS/HRX-LA;1;7;65f8b40d-7b49-4f36-bb39-58922ebd481a
c9bee315-31bb-4e12-be21-2ceb353544e1;GS/OBC-LA1;1;5;ccb38996-f399-477c-be62-63df2744defe
331365f2-aa57-474c-9abd-24f9d479e76c;GS/OBC-LA2;1;5;ccb38996-f399-477c-be62-63df2744defe
765e623a-3b19-4fc0-91cf-6ac2d795e528;GS/OBC-LA3;1;5;ccb38996-f399-477c-be62-63df2744defe
d577b8a1-a841-42b6-acfc-011c6b5a7305;GS/OBR11-LA;1;4;22dcd4b9-2768-46c5-88d4-96c516d7a104
c932bab8-4652-47ff-a7bd-c1b73410b8c6;GS/OBR12-LA1;1;4;10e1a171-b7e2-4c40-824e-780410487f7f
6e24b85e-02ea-4498-9784-99dd7307029b;GS/OBR13-LA1;1;4;d6327d30-39ac-4c43-b794-ad5fd30aa281
eb73024b-31c3-48e1-b6ae-7e07aefb0446;GS/OBR1-LA2;1;4;be562710-1b4e-43b1-9222-216e0087c478
19236772-8362-4c10-85d6-b344122e6b78;GS/OBR1-LA3;1;4;e6d8383e-2beb-4c17-a285-2bd7420ed6b7
09cbd9d8-18e7-49e2-b70a-0dfee9e0802f;GS/OBR21-LA1;1;4;bc1f5388-3426-40de-a3ca-36e68ef4217c
019ceba7-7250-446d-89fa-9dc423c251b9;GS/OBR22-LA1;1;4;1a5363b0-21fe-4548-8507-82853078ad10
35330731-dee4-408b-b139-f79f9e218fe6;GS/OBR2-LA3;1;4;53075575-660a-4482-81de-cba294f2e3e3
75ef73b1-87c0-4850-b067-025fce55d018;GS/OBR-LA31;1;4;c3de8cba-5b17-4562-ac38-dd37a8b552a1
1084217d-59da-4422-a228-5f46e47cf69e;GS/OIS-LA;1;7;1a5363b0-21fe-4548-8507-82853078ad10
5d51fd7c-3086-482c-a16e-c2205bf457e5;GS/OSD31-LA1;1;3;27050c15-3b22-4591-b035-b304f2075311
b1259e96-d0c8-45e0-b9fd-e8ed82d5659d;GS/OSD3-LA;1;3;27050c15-3b22-4591-b035-b304f2075311
0c382942-0273-45b0-a4ff-08858a4d2508;GS/OSD41-LA1;1;3;27050c15-3b22-4591-b035-b304f2075311
aece2ce4-aa68-4d56-8cfd-88c9ad2b26b1;GS/OSD42-LA1;1;3;27050c15-3b22-4591-b035-b304f2075311
000bb0d4-3f7c-4bf7-92e8-0b8b814a8e2b;GS/OSD43-LA1;1;3;27050c15-3b22-4591-b035-b304f2075311
48b3ae32-84a7-443c-bced-cd0c9be53356;GS/OSD4-LA;1;3;27050c15-3b22-4591-b035-b304f2075311
1c03fa70-284b-4782-85c7-b0ca103ad397;GS/OSD-LA;1;3;27050c15-3b22-4591-b035-b304f2075311
04d7f272-fe2c-4771-80de-c5d3db77f6bd;GS/OSP13;1;1;75178acb-d414-465c-8d14-9cbfed947624
e732f4a3-fd8c-4b46-99e0-6b61de3e74f0;GS/OSP21-LA;1;1;a27e7a3b-a48d-468b-84ab-d13cb45a71eb
f54f4ffd-750a-46be-8fab-1b87ed8c0d18;GS/OSP22-LA;1;1;198c2719-53c0-495f-a49a-17278f41c24d
614a03fe-0e30-4ef2-8bef-c01201c82020;GS/PUI11-LA1;3;6;9c8fe52b-e26e-4c63-addc-51c6f58ffdcf
c5bb52cc-3833-4c98-b185-3c7aff7d21c1;GS/PUI1-LA;3;6;9c8fe52b-e26e-4c63-addc-51c6f58ffdcf
93563170-b713-47b7-82de-bdabf065b929;GS/PUI6-SDM;3;6;88993e68-202e-4a90-b6c8-75b767fa43ac
e8e95978-d42a-4271-bc94-774d4391178a;GS/TET-LA;1;7;ace0eb9e-6e9b-457a-b9a1-4a1034e9636e
